Date,City,Country,Latitude,Longitude,MaxTemp,Humidity,Cloudiness,Wind Speed
1529414021,Kichera,RU,55.93,110.1,60.23,67,0,2.04
1529414023,Amarkantak,IN,22.67,81.76,90.11,52,32,3.6
1529414024,Shenjiamen,CN,29.96,122.3,77.51,93,32,10.76
1529414025,Shingu,JP,33.72,135.99,71.48,98,92,9.42
1529414026,Saskylakh,RU,71.97,114.09,56.81,96,80,9.64
1529414027,Rikitea,PF,-23.12,-134.97,72.56,100,36,13.67
1529409600,Atar,MR,20.52,-13.05,96.8,16,0,11.41
1529413200,Coquimbo,CL,-29.95,-71.34,50.0,93,90,6.93
1529411400,Monrovia,LR,6.33,-10.8,82.4,83,75,11.41
1529414072,Faanui,PF,-16.48,-151.75,80.21,100,48,16.24
1529412480,Rapid Valley,US,44.06,-103.15,53.6,87,75,3.36
1529413200,Punta Arenas,CL,-53.16,-70.91,33.8,100,40,16.11
1529413200,Angol,CL,-37.8,-72.71,46.4,100,90,2.48
1529414041,Qaanaaq,GL,77.48,-69.36,32.24,99,92,2.15
1529409600,Norman Wells,CA,65.28,-126.83,59.0,72,40,3.36
1529414044,Upernavik,GL,72.79,-56.15,35.21,86,92,7.63
1529414045,Severo-Kurilsk,RU,50.68,156.12,39.44,97,24,5.61
1529414046,Bluff,AU,-23.58,149.07,47.9,53,0,9.19
1529414047,Guaraniacu,BR,-25.1,-52.88,49.61,86,0,2.93
1529413200,Pitimbu,BR,-7.47,-34.81,80.6,74,75,10.29
1529414050,Vostok,RU,46.45,135.83,61.04,97,92,2.15
1529413200,Arraial do Cabo,BR,-22.97,-42.02,75.2,69,40,9.17
1529410800,Skiathos,GR,39.16,23.49,82.4,57,20,5.82
1529413080,Springdale,US,36.19,-94.13,75.2,83,5,6.93
1529414000,Chuy,UY,-33.69,-53.46,45.56,94,8,10.31
1529409600,Bredasdorp,ZA,-34.53,20.04,69.8,35,40,18.34
1529413200,Port Augusta,AU,-32.49,137.76,44.6,75,80,4.7
1529413200,Ushuaia,AR,-54.81,-68.31,32.0,98,90,6.93
1529411400,Ribeira Grande,PT,38.52,-28.7,73.4,83,40,9.17
1529409600,Sioux Lookout,CA,50.1,-91.92,62.6,93,75,2.24
1529409600,Marsa Matruh,EG,31.35,27.25,82.4,61,20,12.75
1529414065,Komsomolskiy,RU,67.55,63.78,46.64,91,64,18.7
1529412600,Saint George,GR,39.45,22.34,82.4,45,20,5.82
1529409600,Thompson,CA,55.74,-97.86,55.4,76,20,14.99
1529413824,Busselton,AU,-33.64,115.35,61.67,100,88,8.41
1529414070,Mataura,NZ,-46.19,168.86,41.51,95,92,2.37
1529414073,Jamestown,AU,-33.21,138.6,36.2,84,68,6.4
1529414075,Matagami,NG,9.67,8.4,73.28,93,88,8.75
1529409600,Marovoay,MG,-16.11,46.64,89.6,35,20,6.93
1529414077,Ponta do Sol,BR,-20.63,-46.0,61.85,78,0,5.73
1529409600,Altamira,BR,-3.2,-52.21,77.0,100,40,3.83
1529414080,Hermanus,ZA,-34.42,19.24,54.83,88,68,8.08
1529413987,Castro,CL,-42.48,-73.76,42.5,100,44,6.51
1529409600,Yellowknife,CA,62.45,-114.38,60.8,63,20,8.05
1529414083,Vaini,IN,15.34,74.49,72.29,100,100,3.71
1529414084,Mar del Plata,AR,-46.43,-67.52,40.16,92,48,11.65
1529414088,Lozova,UA,48.89,36.31,87.23,32,20,5.95
1529414089,Carnarvon,ZA,-30.97,22.13,51.32,48,0,7.63
1529412600,Berlevag,NO,70.86,29.09,50.0,87,75,8.05
1529412600,Honningsvag,NO,70.98,25.97,53.6,71,75,4.7
1529414092,Taoudenni,ML,22.68,-3.98,112.7,10,0,18.81
1529412360,Hasaki,JP,35.73,140.83,68.0,93,75,2.24
1529413200,Culleredo,ES,43.29,-8.39,80.6,65,0,8.05
1529414096,Buala,SB,-8.15,159.59,80.21,98,80,3.94
1529413200,Fortuna,ES,38.18,-1.13,86.0,35,20,11.41
1529414098,Opuwo,NA,-18.06,13.84,80.84,15,0,5.39
1529414099,Tuktoyaktuk,CA,69.44,-133.03,34.58,94,92,11.1
1529413992,Barrow,AR,-38.31,-60.23,51.86,54,12,20.38
1529414102,Moa,CU,20.66,-74.95,73.55,94,0,2.82
1529412600,Tasiilaq,GL,65.61,-37.64,39.2,99,20,2.24
1529414104,Sao Filipe,CV,14.9,-24.5,73.73,94,20,8.41
1529414105,Ostrovnoy,RU,68.05,39.51,62.84,90,80,9.64
1529414107,Butaritari,KI,3.07,172.79,79.58,100,64,9.75
1529413200,Neiafu,TO,-18.65,-173.98,73.4,88,20,5.82
1529409600,Aklavik,CA,68.22,-135.01,50.0,100,75,4.7
1529414111,Nha Trang,VN,12.24,109.19,84.62,80,8,12.44
1529414100,Ankeny,US,41.73,-93.6,75.2,94,20,6.93
1529414114,Khatanga,RU,71.98,102.47,57.35,60,20,10.2
1529414115,Maltahohe,NA,-24.83,16.98,75.08,14,0,13.11
1529412960,Port Elizabeth,US,39.31,-74.98,82.4,69,20,6.93
1529414117,Majene,ID,-3.54,118.97,84.44,93,12,16.91
1529414118,Mount Gambier,AU,-37.83,140.78,44.84,89,76,6.06
1529409600,Hamilton,CA,43.26,-79.87,68.0,77,40,12.75
1529411400,Lagoa,PT,37.14,-8.45,77.0,61,0,11.41
1529414122,Carai,BR,-17.19,-41.69,66.26,93,68,10.2
1529414123,Tiznit,MA,29.7,-9.73,69.86,92,0,4.61
1529414124,Caravelas,BR,-17.73,-39.27,72.11,100,92,18.7
1529414126,Port Alfred,ZA,-33.59,26.89,66.08,69,0,16.46
1529414127,Labuhan,ID,-2.54,115.51,76.88,87,32,2.48
1529411400,Christchurch,NZ,-43.53,172.64,46.4,93,88,6.93
1529409240,Albany,US,42.65,-73.75,71.6,60,40,13.87
1529414131,Provideniya,RU,64.42,-173.23,41.51,95,0,7.29
1529409600,Yulara,AU,-25.24,130.99,55.4,24,88,3.15
1529409600,San Carlos,VE,9.66,-68.59,75.2,94,75,5.39
1529413200,Bathsheba,BB,13.22,-59.52,82.4,74,40,19.46
1529414139,Grand-Santi,GF,4.27,-54.38,74.99,96,88,2.82
1529414140,Atuona,PF,-9.8,-139.03,80.48,100,44,16.46
1529409600,Geraldton,CA,49.72,-86.95,59.0,82,20,2.24
1529409600,Aswan,EG,24.09,32.9,107.6,12,0,17.22
1529414143,Dikson,RU,73.51,80.55,31.7,95,76,21.27
1529413020,Makakilo City,US,21.35,-158.09,77.0,78,1,3.15
1529414147,Erenhot,CN,43.65,111.97,72.83,27,0,8.19
1529409180,Kodiak,US,39.95,-94.76,78.8,78,1,6.93
1529409600,Bandar-e Lengeh,IR,26.56,54.88,98.6,39,0,9.17
1529409600,Grand Gaube,MU,-20.01,57.66,77.0,69,20,5.82
1529412600,Trofors,NO,65.54,13.39,53.6,62,75,4.7
1529414153,Guerrero Negro,MX,27.97,-114.04,59.33,99,88,11.77
1529414154,Dharmadam,IN,11.78,75.43,70.49,100,92,2.82
1529414155,Leh,IN,34.16,77.58,32.24,99,12,1.92
1529413260,Isla Vista,US,34.41,-119.86,57.2,93,40,4.7
1529414157,Poya,NC,-21.35,165.16,69.23,100,88,17.13
1529414158,Pingliang,CN,35.54,106.68,68.42,76,56,3.15
1529413942,Lima,PE,-12.06,-77.04,50.69,67,0,1.81
1529413200,Hobart,AU,-42.88,147.33,39.2,93,75,8.05
1529414162,Dandong,CN,40.12,124.37,68.87,83,44,2.71
1529412780,Bethel,US,60.79,-161.76,46.4,93,90,11.41
1529414165,Mezen,RU,65.85,44.24,72.38,43,88,6.85
1529412600,Nago,IT,45.88,10.89,86.0,42,40,6.93
1529412960,Kapaa,US,22.08,-159.32,71.6,94,1,5.82
1529412300,Cabo San Lucas,MX,22.89,-109.91,78.8,53,5,16.24
1529414170,Busayra,JO,30.74,35.61,86.15,34,0,2.71
1529414174,Manzhouli,CN,49.6,117.43,62.3,47,0,13.22
1529414176,Kirove,UA,47.83,38.01,88.94,22,0,5.61
1529414177,Ucluelet,CA,48.94,-125.55,55.37,88,56,1.03
1529414178,Okhotsk,RU,59.36,143.24,43.76,99,48,3.49
1529414068,Boa Vista,BR,2.82,-60.67,73.1,100,68,4.38
1529414181,Kozienice,PL,51.59,21.55,77.78,62,0,10.65
1529414183,Shitanjing,CN,39.23,106.34,76.07,29,88,3.38
1529414184,Dragalina,RO,44.43,27.33,85.88,49,0,10.87
1529414185,Parabel,RU,58.71,81.5,67.88,68,76,2.59
1529412660,Ixtapa,MX,20.71,-105.21,78.8,94,90,1.14
1529414188,Muyezerskiy,RU,63.93,31.65,66.98,49,88,7.85
1529414189,Solnechnyy,RU,50.72,136.64,47.81,95,88,4.94
1529409000,Salalah,OM,17.01,54.1,84.2,83,90,12.75
1529409600,Nouadhibou,MR,20.93,-17.03,77.0,57,8,21.92
1529414193,Ancud,CL,-41.87,-73.83,43.58,95,64,5.95
1529409600,Faya,SA,18.39,42.45,89.6,12,5,18.34
1529409600,Mae Sai,MM,20.44,99.89,78.8,94,75,5.82
1529409600,Fort Nelson,CA,58.81,-122.69,60.8,82,40,6.93
1529413200,Vila Franca do Campo,PT,37.72,-25.43,73.4,69,40,12.75
1529413200,Paracuru,BR,-3.41,-39.03,86.0,66,75,12.75
1529413200,Matara,PE,-13.74,-72.9,39.2,51,0,3.04
1529412900,Avera,US,33.19,-82.53,82.4,78,1,4.7
1529412600,Arvika,SE,59.65,12.59,66.2,37,0,19.46
1529414206,Bilibino,RU,68.06,166.44,52.04,56,48,3.94
1529414208,Sitka,US,37.17,-99.65,73.37,75,0,11.21
1529414209,Maine-Soroa,NE,13.21,12.02,98.66,38,64,13.78
1529414210,Srednekolymsk,RU,67.46,153.71,50.51,58,0,4.61
1529414211,Cidreira,BR,-30.17,-50.22,48.08,96,0,3.38
1529414212,Samarai,PG,-10.62,150.67,76.34,100,92,17.25
1529409600,Iqaluit,CA,63.75,-68.52,39.2,80,75,19.46
1529413200,Westport,IE,53.8,-9.52,51.8,93,90,11.41
1529414216,Tiksi,RU,71.64,128.87,61.94,70,20,3.49
1529412360,Nome,US,30.04,-94.42,77.0,88,90,8.05
1529412780,Hilo,US,19.71,-155.08,69.8,77,90,4.7
1529413200,Salamanca,ES,40.97,-5.66,80.6,39,0,3.36
1529414220,Ahipara,NZ,-35.17,173.16,54.11,100,88,0.92
1529409600,Nam Phong,TH,16.71,102.87,86.0,62,40,4.7
1529413200,New Norfolk,AU,-42.78,147.06,39.2,93,75,8.05
1529414224,Paysandu,UY,-32.32,-58.08,42.86,88,0,7.18
1529414225,Bethanien,NA,-26.5,17.16,62.93,52,0,5.17
1529414226,Hami,CN,42.84,93.51,77.96,52,20,4.94
1529409600,Benguela,AO,-12.58,13.4,77.0,78,90,9.17
1529413200,Saint-Joseph,FR,43.56,6.97,89.6,51,0,6.93
1529414231,Te Anau,NZ,-45.41,167.72,38.18,91,100,2.48
1529413200,Puerto Ayora,EC,-0.74,-90.35,73.4,83,75,11.41
1529414233,Sangmelima,CM,2.93,11.98,73.01,82,92,5.17
1529409600,Whitehorse,CA,60.72,-135.06,57.2,62,40,18.34
1529414236,Lavrentiya,RU,65.58,-170.99,39.44,89,12,19.26
1529412600,Ilulissat,GL,69.22,-51.1,51.8,29,75,13.87
1529414238,Tuatapere,NZ,-46.13,167.69,46.1,100,92,6.06
1529414239,Mutsu,JP,41.29,141.2,58.52,91,0,6.96
1529413200,Bubaque,GW,11.28,-15.83,86.0,58,0,6.93
1529412960,Jasper,US,33.83,-87.28,80.6,78,0,2.37
1529414243,Merauke,ID,-8.49,140.4,79.94,86,44,17.25
1529409600,Agadez,NE,16.97,7.99,105.8,23,0,3.36
1529414249,Saldanha,PT,41.42,-6.55,83.0,32,0,5.61
1529414251,Komsomolskoye,UA,45.02,34.02,79.94,48,0,12.44
1529409600,Esperance,TT,10.24,-61.45,77.0,94,40,9.17
1529414253,Miri,NG,10.31,9.75,84.62,76,0,12.44
1529414254,Magistralnyy,RU,56.17,107.45,69.59,70,0,2.59
1529414168,Linjiang,CN,41.81,126.91,58.25,97,88,2.93
1529414256,Gornyy,RU,51.76,48.54,84.98,28,0,7.74
1529414257,Sinnamary,GF,5.38,-52.96,80.3,99,76,5.95
1529414259,Guane,CU,22.2,-84.09,77.6,91,56,2.93
1529413200,San Cristobal,EC,-0.39,-78.55,48.2,93,75,14.99
1529412600,Karacabey,TR,40.21,28.36,80.6,54,40,19.46
1529414262,Xiaoweizhai,CN,26.23,107.51,73.01,90,88,2.71
1529414263,Novy Malin,CZ,49.94,17.03,71.48,75,0,5.61
1529413200,Port Hedland,AU,-20.31,118.58,71.6,33,90,9.17
1529414267,Chokurdakh,RU,70.62,147.9,42.68,76,0,13.67
1529414268,Maun,BW,-19.99,23.42,81.2,26,0,4.61
1529414269,Pangkalanbuun,ID,-2.68,111.62,74.18,97,64,3.27
1529414270,Namibe,AO,-15.19,12.15,68.78,100,8,6.17
1529414272,Nemuro,JP,43.32,145.57,53.93,95,0,10.42
1529409600,East London,ZA,-33.02,27.91,68.0,49,20,16.11
1529412780,Vardo,US,39.62,-77.74,86.0,66,40,10.29
1529414275,Tilichiki,RU,60.47,166.1,39.8,87,0,3.38
1529414276,Airai,TL,-8.93,125.41,70.31,90,68,1.92
1529414277,Talnakh,RU,69.49,88.39,65.45,52,0,3.83
1529414279,Casino,AU,-28.86,153.05,49.79,71,0,6.17
1529414280,Kargil,PK,34.56,76.13,32.15,99,92,1.14
1529412600,Narsaq,GL,60.91,-46.05,41.0,75,75,9.17
1529413680,Pacific Grove,US,36.62,-121.92,55.4,100,90,3.36
1529414283,Hit,IQ,33.64,42.83,104.24,14,0,7.63
1529413200,Warmbad,DE,50.67,13.08,75.2,56,40,9.17
1529414286,Bella Vista,AR,-28.51,-59.05,46.64,76,0,5.17
1529409600,Loandjili,CG,-4.77,11.87,80.6,69,40,11.41
1529414289,Krivosheino,RU,57.34,83.93,76.61,46,64,4.27
1529414290,Adeje,NG,5.68,5.76,80.84,88,92,11.21
1529414291,Rio de Jesus,PA,7.98,-81.16,73.91,94,76,3.6
1529413200,Iralaya,HN,15.0,-83.23,80.6,78,20,6.62
1529414294,Loreto,PY,-23.27,-57.32,60.41,87,0,8.19
1529411400,Svetlogorsk,RU,53.14,59.15,71.6,46,40,6.71
1529414296,Sibolga,ID,1.74,98.78,75.62,75,76,2.82
1529414300,Weligama,LK,5.97,80.42,81.38,89,92,13.11
1529409600,Tateyama,JP,36.66,137.31,73.4,88,75,3.36
1529414302,Lingao,CN,19.91,109.69,82.28,96,20,3.38
1529414304,Vao,EE,59.1,26.19,60.5,92,92,17.92
1529414306,Padang,ID,-0.92,100.36,81.56,100,12,4.94
1529414307,Sesori,SV,13.72,-88.36,68.87,91,0,2.15
1529409600,Cape Town,ZA,-33.93,18.42,62.6,72,40,18.34
1529413200,Lasa,CY,34.92,32.53,80.6,65,40,12.75
1529413080,Sonoita,US,31.68,-110.66,68.0,36,1,4.7
1529414313,Zeya,RU,53.74,127.27,55.46,74,80,2.15
1529413200,Adrar,DZ,27.87,-0.29,109.4,12,0,19.46
1529409600,Gat,SN,14.69,-16.54,86.0,51,0,4.7
1529414318,Hithadhoo,MV,-0.6,73.08,83.99,100,92,15.46
1529413200,Geneva,FR,46.2,6.15,82.4,50,20,8.05
1529414321,Tual,ID,-5.67,132.75,79.31,100,88,15.68
1529413200,Betanzos,ES,43.28,-8.21,80.6,65,0,8.05
1529414323,Pevek,RU,69.7,170.27,34.13,71,0,7.29
1529414325,Zyryanka,RU,65.73,150.89,57.26,39,20,4.83
1529414326,Richards Bay,ZA,-28.77,32.06,73.91,71,0,9.98
1529414328,Tabou,CI,4.42,-7.36,74.0,100,92,11.99
1529409600,Clyde River,CA,70.47,-68.59,39.2,80,75,5.82
1529409600,Inhambane,MZ,-23.87,35.38,80.6,65,40,18.34
1529414331,Vryheid,ZA,-27.77,30.79,75.08,12,0,11.43
1529414332,Lubango,AO,-14.92,13.49,80.48,33,0,1.7
1529413020,Kailua,US,21.39,-157.74,77.0,78,1,5.82
1529414335,Obuasi,GH,6.21,-1.69,72.11,100,100,8.52
1529414336,Yerbogachen,RU,61.28,108.01,75.44,62,0,3.6
1529414202,Porto de Moz,BR,-1.75,-52.24,74.36,98,56,5.06
1529414339,Marawi,PH,8.0,124.29,70.4,97,76,2.15
1529414340,Meulaboh,ID,4.14,96.13,81.92,100,88,7.18
1529412600,Qaqortoq,GL,60.72,-46.03,41.0,75,75,9.17
1529414343,Cuamba,MZ,-14.8,36.54,81.2,40,0,4.94
1529413200,Margate,AU,-43.03,147.26,39.2,93,75,8.05
1529413200,Souillac,FR,45.6,-0.6,80.6,47,0,10.29
1529413200,Santona,ES,43.44,-3.46,69.8,82,75,11.41
1529411400,Kununurra,AU,-15.77,128.74,62.6,59,0,1.12
1529414348,Salinopolis,BR,-0.61,-47.36,79.4,100,80,9.31
1529411940,Katsuura,JP,33.93,134.5,69.8,100,75,3.36
1529409600,Wabana,CA,47.63,-52.95,59.0,87,90,24.16
1529414352,Lebu,ET,8.96,38.73,71.66,41,76,4.72
1529414353,Ende,ID,-8.84,121.65,79.76,100,12,8.75
1529414354,Dunedin,NZ,-45.87,170.5,40.7,99,92,2.82
1529414355,Viedma,AR,-40.81,-62.99,48.08,57,12,14.79
1529413200,Morrope,PE,-6.54,-80.02,62.6,93,90,6.93
1529411700,Saint-Philippe,CA,45.36,-73.48,60.8,72,40,6.93
1529409180,Tucumcari,US,35.17,-103.73,71.6,73,1,3.36
1529414361,Masallatah,LY,32.62,14.0,81.11,49,0,9.64
1529414362,Marystown,CA,47.17,-55.16,52.13,89,92,30.89
1529414363,Coolum Beach,AU,-26.53,153.09,56.36,100,0,9.08
1529414365,Sarahan,IN,31.51,77.79,40.88,67,44,1.59
1529409600,Victoria,BN,5.28,115.24,82.4,88,75,3.36
1529409600,Flinders,AU,-34.58,150.85,51.8,93,40,12.75
1529413200,Youghal,IE,51.95,-7.85,64.4,93,75,17.22
1529409600,Santa Maria,BR,-29.69,-53.81,46.4,100,90,5.82
1529409600,San Quintin,PH,17.54,120.52,84.2,79,90,9.17
1529412600,Agropoli,IT,40.35,15.0,86.0,37,40,11.41
1529414375,Lata,IN,30.78,78.62,64.55,91,24,1.14
1529414376,Zemio,CF,5.02,25.13,82.46,74,36,6.96
1529414377,Uglekamensk,RU,43.22,133.23,61.94,86,92,2.59
1529414378,Tumut,AU,-35.3,148.22,37.1,91,0,2.59
1529414379,Amalapuram,IN,16.58,82.0,94.34,49,0,15.68
1529409600,Winona,CA,43.21,-79.65,68.0,77,40,12.75
1529414382,Lhokseumawe,ID,5.18,97.15,86.96,90,88,7.96
1529414383,Dingle,PH,11.0,122.67,78.68,86,32,1.03
1529414384,Luganville,VU,-15.51,167.18,76.25,100,88,10.98
1529414385,Tarogong,ID,-7.19,107.89,71.84,80,44,2.15
1529414386,Zhigansk,RU,66.77,123.37,62.84,40,0,9.64
1529414389,Yangambi,CD,0.77,24.47,85.88,64,12,3.38
1529409600,Hay River,CA,60.82,-115.79,51.8,87,75,3.36
1529414393,Humberto de Campos,BR,-2.6,-43.46,76.61,100,92,9.53
1529414394,Synya,RU,65.37,58.04,61.22,67,68,7.07
1529409600,Port-Gentil,GA,-0.72,8.78,82.4,74,40,16.11
1529412600,Sistranda,NO,63.73,8.83,48.2,93,75,23.04
1529414398,Ossora,RU,59.24,163.07,41.78,100,0,4.05
1529414399,Amambai,BR,-23.11,-55.23,59.78,90,0,10.65
1529414400,Zhangjiakou,CN,40.77,114.88,69.14,29,0,4.94
1529414401,Caohai,CN,26.87,104.28,64.46,100,92,2.82
1529411400,Yilan,TW,24.75,121.75,86.0,62,75,8.05
1529414405,Oroquieta,PH,8.49,123.8,75.98,98,76,2.37
1529414406,Luderitz,NA,-26.65,15.16,62.03,83,8,14.34
1529409600,Sri Aman,MY,1.24,111.46,78.8,94,24,1.7
1529412600,Northam,GB,51.04,-4.21,75.2,64,75,10.29
1529411400,Aktau,KZ,43.65,51.16,86.0,25,0,22.37
1529413200,Zapote,EC,-0.94,-80.07,71.6,88,75,6.93
1529409600,Port Hardy,CA,50.7,-127.42,48.2,100,20,3.36
1529414413,Gobabis,NA,-22.45,18.97,76.07,20,0,7.85
1529414414,Batemans Bay,AU,-35.71,150.18,52.76,100,56,6.73
1529413200,Jozefow,PL,52.14,21.24,80.6,34,0,12.75
1529414416,Taksimo,RU,56.36,114.84,60.5,70,12,2.26
1529413200,Mill Valley,US,37.91,-122.55,57.2,93,90,3.83
1529412780,Torrington,US,42.06,-104.18,59.0,100,90,6.93
1529414420,Kaitangata,NZ,-46.28,169.85,42.86,94,92,3.83
1529414421,Marsh Harbour,BS,26.54,-77.06,79.49,100,12,7.29
1529412720,Kloulklubed,PW,7.04,134.26,82.4,88,90,3.04
1529412960,Houlton,US,46.13,-67.84,60.8,63,75,17.22
1529414425,Camocim,BR,-2.9,-40.84,74.81,100,88,9.42
1529414426,Evensk,RU,61.92,159.24,41.51,100,88,5.84
1529412300,Eldorado,MX,24.32,-107.36,78.8,78,75,3.38
1529414428,Balikpapan,ID,-1.24,116.86,83.09,100,8,9.19
1529414429,Sohagpur,IN,22.7,78.2,97.94,44,8,5.61
1529414430,Rawson,AR,-43.3,-65.11,41.96,91,56,6.85
1529411400,Novopetrovskoye,RU,55.99,36.47,82.4,39,0,4.47
1529409240,South Charleston,US,38.37,-81.7,78.8,78,40,9.17
1529412780,Enumclaw,US,47.2,-121.99,59.0,87,1,3.36
1529414435,Manono,CD,-7.3,27.4,91.64,28,20,6.62
1529413200,Cabedelo,BR,-6.97,-34.84,80.6,74,75,10.29
1529409600,Hofn,IS,64.25,-15.21,55.4,43,40,13.87
1529414439,Katangli,RU,51.71,143.23,47.63,94,92,16.13
1529414421,Barra Patuca,HN,15.8,-84.28,82.01,91,8,9.75
1529413200,Avarua,CK,-21.21,-159.78,68.0,72,20,4.7
1529414443,Yining,CN,29.04,114.56,78.86,87,76,1.7
1529414444,Conde,BR,-11.81,-37.61,72.74,100,92,10.76
1529411400,Ko Samui,TH,9.54,99.94,82.4,78,40,13.78
1529412600,Avdon,IL,33.05,35.18,91.4,61,20,11.41
1529414449,Codrington,AU,-28.95,153.24,49.79,71,0,6.17
1529413200,Russell,AR,-33.01,-68.8,39.2,59,0,3.36
1529414451,Pampierstad,ZA,-27.78,24.69,73.46,23,0,10.31
1529414452,Beringovskiy,RU,63.05,179.32,38.27,100,0,4.61
1529412600,Longyearbyen,NO,78.22,15.63,44.6,70,75,20.8
1529414455,Ulaangom,MN,49.98,92.07,68.33,34,76,1.7
1529414456,Sendafa,ET,9.16,39.02,71.66,41,76,4.72
1529414457,Dinguiraye,GN,11.29,-10.71,85.34,68,56,7.07
1529414458,Kalmunai,LK,7.42,81.82,84.71,77,64,4.61
1529414459,Sorbhog,IN,26.5,90.87,81.29,91,48,2.48
1529414460,Gondanglegi,ID,-7.75,112.01,76.88,75,20,5.61
1529413200,Pisco,PE,-13.71,-76.2,60.8,93,90,3.36
1529414321,Cockburn Town,TC,21.46,-71.14,81.11,98,0,10.76
1529414465,Yar-Sale,RU,66.83,70.83,52.4,75,92,14.9
1529414466,Waipawa,NZ,-39.94,176.59,45.56,93,64,7.96
1529409600,Stony Mountain,CA,50.09,-97.22,59.0,82,75,2.04
1529414468,Luena,AO,-11.78,19.91,77.69,37,0,5.39
1529414469,Shatki,RU,55.19,44.12,81.11,42,32,6.73
1529413200,Mount Isa,AU,-20.73,139.49,41.0,75,0,5.82
1529412960,Kahului,US,20.89,-156.47,68.0,93,1,4.83
1529414473,Sambava,MG,-14.27,50.17,75.53,100,92,21.5
1529411400,Nikolskoye,RU,59.7,30.79,68.0,49,75,13.42
1529409600,Praia,BR,-20.25,-43.81,66.2,72,75,12.75
1529414476,Port Lincoln,AU,-34.72,135.86,55.37,93,92,12.88
1529414477,Cururupu,BR,-1.82,-44.87,71.93,100,92,5.17
1529409600,Canmore,CA,51.09,-115.35,41.0,93,1,4.7
1529409360,Del Rio,US,29.36,-100.9,75.2,88,1,5.82
1529409600,Bambous Virieux,MU,-20.34,57.76,77.0,69,20,5.82
1529411400,Manavalakurichi,IN,8.13,77.3,84.2,74,40,6.93
1529414483,Trairi,BR,-3.28,-39.27,74.63,100,92,14.67
1529414484,Kudahuvadhoo,MV,2.67,72.89,83.99,100,56,5.61
1529412600,Wanning,AT,48.64,13.53,77.0,41,75,16.11
1529414488,Esso,RU,55.93,158.7,31.16,84,0,2.37
1529414490,Kharp,RU,66.82,65.8,57.08,77,88,9.98
1529414491,Alta Floresta,BR,-9.87,-56.08,73.73,81,0,3.04
1529414492,Manokwari,ID,-0.87,134.08,82.82,100,0,11.54
1529412840,Virginia Beach,US,36.85,-75.98,86.0,70,1,8.05
1529414496,Cherskiy,RU,68.75,161.3,44.93,56,0,5.84
1529414497,Anito,PH,12.45,125.29,82.28,100,76,1.81
1529414498,Vallenar,CL,-28.58,-70.76,38.9,70,0,2.04
1529414500,Nichlaul,IN,27.32,83.73,90.83,57,20,3.04
1529414501,Myitkyina,MM,25.38,97.4,81.2,92,64,1.48
1529414100,Chase,US,43.89,-85.64,68.0,77,90,6.93
1529414504,Usinsk,RU,66.0,57.56,59.78,70,0,10.98
1529414505,Kamina,CD,-8.74,25.0,87.23,25,8,7.74
1529414506,Malaya Serdoba,RU,52.47,44.96,84.26,27,0,7.74
1529414508,San Borja,BO,-14.86,-66.75,61.22,88,8,2.04
1529412600,Sola,FI,62.78,29.36,59.0,77,90,8.05
1529411400,Palmer,AU,-34.85,139.16,50.0,61,0,8.05
1529413200,Georgetown,GY,6.8,-58.16,82.4,83,40,6.93
1529413200,Grindavik,IS,63.84,-22.43,44.6,87,90,8.05
1529414514,Haines Junction,CA,60.75,-137.51,53.21,57,8,6.29
1529412600,Klaksvik,FO,62.23,-6.59,48.2,76,92,29.97
1529414517,Port Blair,IN,11.67,92.75,78.86,100,92,25.3
1529414518,Yazman,SY,36.74,38.46,91.73,33,0,8.75
1529414520,Muli,IN,22.62,71.45,103.25,27,0,15.68
1529414521,Saint-Georges,CA,46.12,-70.67,56.45,74,0,8.63
1529409600,Conceicao do Araguaia,BR,-8.26,-49.26,80.6,57,75,11.99
1529414524,Vaitape,PF,-16.52,-151.75,79.94,100,100,17.47
1529412600,Guanica,PR,17.97,-66.91,84.2,62,5,6.93
1529414526,Kavieng,PG,-2.57,150.8,83.63,100,20,2.59
1529409600,Det Udom,TH,14.9,105.08,80.6,100,75,12.44
1529414528,Tessalit,ML,20.2,1.01,108.29,14,0,13.44
1529411400,Sayhat,SA,26.49,50.04,107.6,37,0,18.34
1529414531,Denpasar,ID,-8.65,115.22,70.94,100,68,1.36
1529414532,Bonthe,SL,7.53,-12.5,80.03,89,88,4.38
1529414533,Palmas,BR,-10.18,-48.33,82.46,49,8,8.97
1529414100,Elizabeth City,US,36.3,-76.22,86.0,79,1,8.05
1529414535,Darhan,MN,49.49,105.92,68.6,69,0,4.61
1529414538,Kuznechnoye,RU,61.12,29.87,61.13,58,92,15.35
1529409600,San Juan,PH,14.6,121.03,84.2,94,20,13.87
1529414540,Colatina,BR,-19.55,-40.63,65.9,86,44,8.52
1529414542,Sechura,PE,-5.56,-80.82,62.75,97,92,5.61
1529412600,Salo,FI,60.38,23.13,62.6,55,76,23.04
1529414546,Sungaipenuh,ID,-2.08,101.38,70.04,89,36,1.59
1529414547,Tongliao,CN,43.61,122.27,65.0,78,8,4.72
1529414548,Plettenberg Bay,ZA,-34.05,23.37,62.21,89,0,20.27
1529414551,Shetpe,KZ,44.14,52.16,91.82,17,8,5.39
1529414553,Baykit,RU,61.68,96.39,73.46,59,0,5.84
1529411400,Susangerd,IR,31.56,48.19,111.2,7,0,20.8
1529414555,Gornyak,KZ,51.0,81.46,74.81,44,8,16.02
1529414556,Upata,VE,8.02,-62.41,72.56,100,68,4.05
1529412600,Ornskoldsvik,SE,63.29,18.72,57.2,58,40,17.22
1529409600,Guasdualito,VE,7.24,-70.73,73.4,94,90,4.7
1529414560,Alzamay,RU,55.55,98.67,74.0,57,44,6.06
1529411400,Mashhad,IR,36.3,59.61,93.2,16,20,11.41
1529409600,San Agustin,VE,10.2,-63.54,77.0,88,75,1.59
1529414563,Atambua,ID,-9.11,124.89,79.49,95,56,12.44
1529414565,Puri,ID,-7.54,112.45,76.88,75,20,5.61
1529412960,Ketchikan,US,55.34,-131.65,64.4,68,1,9.17
1529412960,Nantucket,US,41.28,-70.1,73.4,93,75,9.17
1529414568,Gayeri,BF,12.65,0.49,93.08,58,56,12.77
1529413200,La Romana,DO,18.43,-68.97,84.2,79,40,11.41
1529414570,Itaueira,BR,-7.6,-43.03,79.13,56,0,15.23
1529409600,Halifax,CA,44.65,-63.58,64.4,93,75,11.41
1529414573,Poso,ID,-1.4,120.75,80.66,100,76,1.7
1529414574,Aras,YE,14.28,44.38,84.53,10,0,9.19
1529414575,Chimbote,PE,-9.08,-78.59,57.8,100,56,2.82
1529412600,Mehamn,NO,71.03,27.85,53.6,87,75,8.05
1529414365,Gladstone,AU,-23.84,151.26,49.16,91,0,8.08
1529414578,Colombia,CO,3.38,-74.8,65.36,88,32,2.71
1529414580,Novaya Zaimka,RU,56.49,66.92,58.25,79,24,13.33
1529409600,Chapais,CA,49.78,-74.86,48.2,55,1,13.87
1529414582,Berdigestyakh,RU,62.1,126.7,60.5,72,64,2.71
1529414583,Khor,RU,47.88,134.96,61.58,97,92,7.07
1529409600,Basar,IN,27.98,94.69,86.0,79,75,3.36
1529412600,Kalmar,SE,56.66,16.36,71.6,37,0,19.46
1529414586,Urengoy,RU,65.96,78.37,78.14,59,36,16.69
1529414588,Nogliki,RU,51.8,143.14,47.63,94,92,16.13
1529413200,Sao Joao da Barra,BR,-21.64,-41.05,73.4,73,75,3.36
1529414591,Pangoa,PE,-12.12,-73.0,58.7,93,36,1.7
1529414592,San Patricio,PY,-26.98,-56.83,54.29,88,0,3.6
1529414593,Tazovskiy,RU,67.47,78.7,75.98,57,44,18.25
1529412000,Zihuatanejo,MX,17.64,-101.55,77.0,94,75,6.29
1529413200,Noumea,NC,-22.28,166.46,71.6,60,90,5.82
1529414597,Takoradi,GH,4.89,-1.75,73.1,100,100,9.08
1529414598,Narasannapeta,IN,18.42,84.04,86.33,71,12,3.83
1529414396,Gavle,SE,60.67,17.14,63.02,59,44,16.35
1529414100,Wahpeton,US,46.27,-96.61,66.2,72,90,4.7
1529411400,Darasun,RU,51.66,113.98,68.0,49,0,6.71
1529412600,Canete,IT,46.33,9.49,84.2,40,20,8.05
1529414605,Toropets,RU,56.5,31.64,74.99,50,20,19.04
1529414606,Tommot,RU,58.97,126.27,56.99,79,32,2.48
1529413200,Tiarei,PF,-17.53,-149.33,73.4,83,20,5.82
1529412600,Seminole,US,32.72,-102.64,69.8,94,1,3.36
1529414609,Cantaura,VE,9.31,-64.36,72.74,95,76,7.74
1529409600,Torbay,CA,47.66,-52.73,59.0,93,90,31.09
1529411400,Toba,JP,34.47,136.83,69.8,94,75,11.41
1529414613,Angoram,PG,-4.06,144.07,77.96,87,12,1.92
1529412600,Warrington,GB,53.39,-2.59,68.0,77,75,5.82
1529413200,Oistins,BB,13.07,-59.53,82.4,74,40,19.46
1529412600,Kristiansund,NO,63.12,7.73,51.8,87,75,21.92
1529414619,Kurilsk,RU,45.23,147.88,48.71,94,36,10.76
1529413200,Rio Gallegos,AR,-51.62,-69.22,32.0,100,0,16.11
1529414622,Sisimiut,GL,66.94,-53.67,36.74,93,24,1.7
1529414623,Paamiut,GL,61.99,-49.67,36.2,100,80,14.34
1529414624,Bakaly,RU,55.18,53.8,78.68,36,44,10.31
1529414625,Bima,ID,-8.45,118.73,77.6,90,92,4.61
1529412000,Pochutla,MX,15.74,-96.47,77.0,78,40,9.17
1529414630,Lookan,PH,5.04,120.1,85.79,99,24,7.96
1529409600,Kijang,KR,35.24,129.21,69.8,94,90,2.24
1529414632,Okato,NZ,-39.19,173.88,51.5,100,88,20.27
1529414633,Hobyo,SO,5.35,48.53,84.62,58,0,20.38
1529414635,Hornepayne,CA,49.22,-84.78,59.78,78,0,3.94
1529412420,Constitucion,MX,23.99,-104.67,59.0,100,75,2.15
1529414637,Kruisfontein,ZA,-34.0,24.73,63.92,67,0,21.72
1529414405,Banda Aceh,ID,5.56,95.32,82.28,75,92,4.5
1529414639,Kaeo,NZ,-35.1,173.78,53.48,100,88,3.38
1529412600,Olbia,IT,40.92,9.49,84.2,45,0,10.29
1529414641,Kupang,ID,-10.16,123.6,79.4,90,12,16.69
1529413200,Mahebourg,MU,-20.41,57.7,75.2,78,40,3.36
1529413200,Eureka,US,40.8,-124.16,53.6,100,90,4.38
1529409600,Malanje,AO,-9.54,16.35,80.6,74,40,4.7
1529413080,College,US,64.86,-147.8,53.6,66,75,5.95
1529413200,Puerto Colombia,CO,10.99,-74.96,84.2,70,75,4.7
1529413680,Lompoc,US,34.64,-120.46,55.4,100,90,4.7
1529413200,Oranjestad,AW,12.52,-70.03,86.0,66,20,24.16
1529412600,Havoysund,NO,71.0,24.66,57.2,71,75,4.7
1529414654,Lodwar,KE,3.12,35.6,83.18,56,76,6.73
1529409600,Iztapa,GT,13.93,-90.71,75.2,94,75,4.16
1529414656,Namatanai,PG,-3.66,152.44,83.18,100,8,3.71
1529413200,Chimbarongo,CL,-34.71,-71.04,39.2,100,90,2.24
1529412960,Laguna,MX,27.52,-110.01,71.6,64,20,5.82
1529412000,Puerto Escondido,MX,15.86,-97.07,77.0,78,40,9.17
1529414405,San Jose,PH,15.79,120.99,77.69,92,44,1.7
1529414663,Biloela,AU,-24.4,150.51,45.74,61,0,9.19
1529413200,Talara,PE,-4.58,-81.27,64.4,82,90,13.87
1529414666,Filadelfia,PY,-22.35,-60.04,58.88,78,0,6.17
1529414667,Ituporanga,BR,-27.41,-49.6,53.93,97,56,2.04
1529413080,Havelock,US,34.88,-76.9,82.4,83,1,9.17
1529413200,Chazuta,PE,-6.57,-76.13,68.0,100,75,2.24
1529414671,Palauig,PH,15.44,119.9,79.67,98,64,5.73
1529413200,Ponta Delgada,PT,37.73,-25.67,73.4,69,40,12.75
1529414674,Gadu,IN,21.05,70.29,87.68,72,0,16.35
1529414675,Talen,IN,23.57,76.72,88.22,64,32,6.62
1529414676,Egvekinot,RU,66.32,-179.17,36.47,68,0,2.26
1529414677,Nazarovo,RU,56.01,90.42,77.06,56,24,2.93
1529414678,Sao Mateus do Sul,BR,-25.87,-50.38,51.5,100,92,3.71
1529414100,Timberlake,US,32.26,-81.31,82.4,78,1,5.82
1529413200,Half Moon Bay,US,37.46,-122.43,59.0,93,90,5.82
1529413200,Quatre Cocos,MU,-20.21,57.76,75.2,78,40,3.36
1529412480,Tecoanapa,MX,16.99,-99.26,75.2,88,75,3.36
1529412900,Oakdale,US,37.77,-120.85,62.6,67,1,4.7
1529414687,Matsumoto,JP,36.24,137.97,60.14,83,56,1.36
1529414688,Boende,CD,-0.28,20.88,85.7,67,24,3.94
1529413200,Porto Novo,BR,-23.68,-45.44,66.2,77,75,8.05
1529412900,Norden,DE,53.59,7.21,69.8,64,75,9.17
1529414691,Kavaratti,IN,10.57,72.64,83.09,100,76,23.29
1529413200,Talcahuano,CL,-36.72,-73.12,48.2,100,90,3.36
1529414694,Kulhudhuffushi,MV,6.62,73.07,83.9,97,56,16.24
1529414695,Necochea,AR,-38.55,-58.74,51.41,65,12,18.37
1529414696,Rudnya,RU,50.8,44.56,87.05,24,24,6.96
1529413200,Los Llanos de Aridane,ES,28.66,-17.92,71.6,73,75,4.7
1529414698,Union Hidalgo,MX,16.47,-94.83,83.27,94,24,9.19
1529409600,The Pas,CA,53.82,-101.24,66.2,59,1,8.05
1529413080,Olga,US,34.11,-118.17,62.6,93,75,4.7
1529413680,Monterey,US,36.6,-121.89,55.4,100,90,3.36
1529412900,Venice,US,27.1,-82.45,82.4,78,1,5.82
1529414704,Aksum,ET,14.12,38.72,86.96,18,80,6.17
1529409600,Marathon,CA,48.72,-86.38,60.8,63,5,3.15
1529414707,Bijar,IR,35.87,47.6,82.28,20,0,11.65
1529414708,Canutama,BR,-6.53,-64.38,71.57,86,0,4.72
1529409600,Chiang Khong,LA,20.27,100.41,78.8,94,75,5.82
1529413200,Vestmannaeyjar,IS,63.44,-20.27,46.4,87,40,18.34
1529412600,Sorland,NO,67.67,12.69,51.8,81,20,12.75
1529409600,Ottawa,CA,45.42,-75.69,59.0,62,20,14.99
1529414715,Maningrida,AU,-12.05,134.23,80.57,61,0,15.12
1529414716,Aginskoye,RU,51.11,114.54,64.73,48,8,10.42
1529413200,Osorno,CL,-40.57,-73.14,44.6,93,90,9.17
1529414718,Maryborough,AU,-25.54,152.7,52.04,61,0,5.5
1529413200,Praia da Vitoria,PT,38.73,-27.07,75.2,73,20,9.86
1529411400,Areni,AM,39.72,45.19,89.6,14,75,4.7
1529414723,Vanimo,PG,-2.67,141.3,85.7,98,0,7.4
1529413200,Poum,MK,41.28,20.71,71.6,64,40,9.17
1529414725,Rundu,NA,-17.91,19.77,80.03,19,0,4.61
1529414459,Metro,ID,-5.11,105.31,83.45,70,0,7.96
1529409600,Petropavlovsk-Kamchatskiy,RU,53.05,158.65,48.2,93,12,1.7
1529413200,Saint-Augustin,FR,44.83,-0.61,77.0,57,75,8.05
1529413200,Agadir,MA,30.42,-9.58,75.2,57,20,11.41
1529414731,Severomuysk,RU,56.17,113.57,55.64,70,0,1.81
1529413200,Birjand,IR,32.86,59.22,96.8,7,75,6.93
1529414733,Eregli,TR,37.51,34.05,71.84,72,48,4.38
1529411400,Osypenko,UA,48.04,34.39,89.6,27,0,8.95
1529413080,Fairbanks,US,64.84,-147.72,53.6,66,75,5.95
1529412900,Caledonia,US,42.81,-87.92,64.4,88,90,11.41
1529411700,Pecos,US,31.42,-103.49,71.6,88,1,4.38
1529414739,Nanortalik,GL,60.14,-45.24,36.83,98,76,6.29
1529414740,Hukuntsi,BW,-23.98,21.76,79.49,14,0,13.0
1529414741,Ust-Omchug,RU,61.13,149.63,56.54,52,100,3.04
1529414742,Sabang,PH,13.72,123.58,83.54,89,24,2.59
1529414743,Lumding,IN,25.75,93.17,85.25,84,48,1.92
1529411400,Alice Springs,AU,-23.7,133.88,41.0,38,0,10.09
1529412300,Saint Lawrence,MT,36.06,14.2,80.6,54,20,9.17
1529412960,Rexburg,US,43.82,-111.79,48.2,87,90,3.04
1529414748,Barreirinhas,BR,-2.75,-42.83,75.08,100,88,4.38
1529414749,Presidente Epitacio,BR,-21.76,-52.12,64.01,89,0,8.75
1529413200,Mozirje,SI,46.34,14.96,82.4,41,75,6.93
1529409600,Santa Catalina,PH,9.33,122.86,84.2,79,40,6.93
1529409600,Ulladulla,AU,-35.36,150.48,51.8,93,40,12.75
1529412420,Mazatlan,MX,23.22,-106.42,77.0,78,75,2.59
1529414755,Altay,CN,47.83,88.13,60.86,70,12,2.59
1529411400,Changping,CN,40.22,116.23,82.4,54,0,6.71
1529413200,Camacha,PT,33.08,-16.33,71.6,73,75,12.75
1529413200,Knysna,ZA,-34.04,23.05,66.2,39,40,12.75
1529414761,Lorengau,PG,-2.02,147.27,82.73,100,0,3.83
1529409600,Pangnirtung,CA,66.15,-65.72,35.6,93,75,10.29
1529412780,Homer,US,59.64,-151.54,53.6,66,90,16.24
1529414100,Sikeston,US,36.88,-89.59,78.8,69,1,10.29
1529414770,Santiago del Estero,AR,-27.8,-64.26,51.5,78,0,12.33
1529409600,San Juan del Sur,NI,11.25,-85.87,78.8,88,40,15.12
1529414100,Bluefield,US,37.27,-81.22,77.0,94,90,5.82
1529414773,Gorontalo,ID,0.54,123.06,80.03,72,48,3.38
1529413200,Teguise,ES,29.06,-13.56,69.8,77,20,10.29
1529413200,Dubbo,AU,-32.25,148.6,44.6,75,0,8.05
1529414777,Isangel,VU,-19.55,169.27,74.18,100,76,10.42
1529414778,Mogapi,BW,-22.32,27.84,79.13,26,0,5.28
1529412780,Moses Lake,US,47.13,-119.28,64.4,77,75,5.82
1529414780,Kieta,PG,-6.22,155.63,78.14,100,32,3.71
1529414662,Inirida,CO,3.87,-67.92,69.68,100,92,2.15
1529414782,Slobodskoy,RU,58.73,50.18,77.51,46,68,5.73
1529414783,Husavik,CA,50.56,-96.99,64.01,70,88,2.82
1529414785,Henties Bay,NA,-22.12,14.28,61.4,96,8,4.83
1529409600,Mayo,CA,63.59,-135.9,53.6,71,75,2.24
1529414788,Codajas,BR,-3.84,-62.06,73.82,99,68,3.83
1529414789,Popondetta,PG,-8.77,148.24,70.31,93,92,1.14
1529414790,Presidencia Roque Saenz Pena,AR,-26.79,-60.44,53.57,71,0,6.73
1529414791,Dargaville,NZ,-35.94,173.86,53.03,100,92,5.73
1529413200,Coihaique,CL,-45.58,-72.07,37.4,72,75,3.36
1529414795,Khromtau,KZ,50.26,58.44,77.87,37,12,10.42
1529414796,Odesskoye,RU,54.21,72.97,71.21,44,80,12.88
1529411400,Seoul,KR,37.57,126.98,71.6,68,75,4.7
1529414798,Cam Ranh,VN,11.92,109.15,84.62,80,8,12.44
1529414799,Kiunga,PG,-6.12,141.3,74.45,96,80,2.26
1529413200,Ambon,FR,47.55,-2.56,73.4,73,90,4.7
1529413200,Vila Velha,BR,-3.71,-38.6,86.0,66,75,12.75
1529413560,Broome,GB,52.47,1.45,75.2,73,75,6.93
1529413200,Abu Dhabi,AE,24.47,54.37,96.8,56,0,8.05
1529414806,Leningradskiy,RU,69.38,178.42,31.25,97,80,3.71
1529414100,Wisconsin Rapids,US,44.39,-89.82,62.6,100,90,4.7
1529414808,Valverde del Camino,ES,37.57,-6.75,90.29,28,0,8.19
1529414809,Wanparti,IN,16.36,78.06,82.1,83,56,13.0
1529413200,La Plata,AR,-34.92,-57.95,51.8,71,0,11.41
1529414812,Dicabisagan,PH,17.08,122.42,78.14,100,36,4.16
1529414814,Kropotkin,RU,45.43,40.58,86.42,36,0,9.08
1529414815,Ust-Ishim,RU,57.69,71.17,57.26,97,80,3.15
1529412960,Winnemucca,US,40.97,-117.74,42.8,87,1,2.15
1529413200,Mayskiy,RU,43.63,44.06,77.0,33,20,4.47
1529412000,Graciano Sanchez,MX,23.92,-99.28,73.4,100,40,2.24
1529414820,Dhuri,IN,30.37,75.86,94.7,55,32,8.19
1529414822,Krasnyy Kut,RU,47.1,40.67,89.12,25,0,6.62
1529414100,Los Alamos,US,35.88,-106.3,68.0,30,1,3.36
1529414825,Adamovka,RU,51.52,59.94,77.6,37,92,12.77
1529414826,Moyale,ET,3.52,39.05,67.88,98,100,5.95
1529414827,Babati,TZ,-4.21,35.75,73.28,71,36,4.38
1529414828,Gamba,CN,28.28,88.52,35.93,76,68,2.59
1529410320,Coaldale,CA,49.73,-112.62,53.6,93,90,6.93
1529412000,Isla Mujeres,MX,21.23,-86.73,82.4,83,20,11.41
1529412600,Karlskrona,SE,56.16,15.59,71.6,46,0,14.99
1529413080,Pahrump,US,36.21,-115.98,75.2,19,1,5.82
1529414835,Pemberton,AU,-34.44,116.03,55.91,94,64,4.94
1529414752,Quang Ngai,VN,15.12,108.8,82.73,63,0,3.94
1529414838,San Pedro,AR,-33.68,-59.66,44.57,97,0,11.21
1529414839,Slavutych,UA,51.52,30.76,82.01,78,20,5.17
1529412960,Saint Anthony,US,43.97,-111.68,48.2,87,90,3.04
1529412900,Santa Lucia,IT,39.93,9.66,77.0,65,20,13.87
1529413200,Gracac,RS,43.65,20.83,68.0,88,75,5.82
1529414844,Terney,RU,45.05,136.61,51.77,99,80,5.73
1529414845,Laranjeiras do Sul,BR,-25.41,-52.42,51.86,88,0,4.5
1529414847,Coahuayana,MX,18.62,-100.35,64.01,95,68,1.48
1529414848,La Huerta,MX,25.51,-107.76,70.85,87,0,2.37
1529412720,Sagua la Grande,CU,22.81,-80.07,78.8,83,20,3.36
1529412600,Mikkeli,FI,61.69,27.27,57.2,93,90,6.93
1529413200,Jackville,CI,5.21,-4.42,77.0,88,75,12.75
1529414854,Kuchera,IN,26.99,73.97,100.37,35,0,8.97
1529409600,Sesheke,NA,-17.47,24.29,82.4,28,0,2.24
1529412600,Stavern,NO,59.0,10.03,68.0,37,0,16.11
1529411400,Perambalur,IN,11.24,78.87,95.0,39,20,11.41
1529414858,Guadalupe y Calvo,MX,26.09,-106.96,56.81,93,80,1.7
1529413200,Baiyin,CN,36.55,104.13,68.0,49,0,2.24
1529414860,Ilhabela,BR,-23.78,-45.36,69.95,100,12,15.01
1529414861,Lafia,NG,8.5,8.51,82.28,82,24,13.67
1529413200,Casteloes de Cepeda,PT,41.2,-8.34,86.0,42,0,6.93
1529414864,Cacequi,BR,-29.88,-54.83,43.67,100,76,6.4
1529414865,Karakol,KG,42.49,78.39,63.11,53,48,3.15
1529414866,Carauari,BR,-4.88,-66.9,72.38,89,24,5.95
1529414867,Luorong,CN,24.41,109.6,84.8,73,68,8.41
1529409600,Moron,VE,10.49,-68.2,73.4,88,75,3.36
1529414870,Ambilobe,MG,-13.19,49.05,85.7,51,36,16.58
1529414871,Xining,CN,36.62,101.77,59.78,66,68,2.93
1529413200,Plouzane,FR,48.38,-4.62,69.8,88,90,5.82
1529412780,Portland,US,45.52,-122.67,57.2,87,20,6.93
1529414834,Blenheim,NZ,-41.52,173.96,42.23,100,0,8.3
1529413200,Imbituba,BR,-28.24,-48.67,62.6,93,75,9.17
1529413200,Tautira,PF,-17.73,-149.15,73.4,83,20,5.82
1529409600,Puerto Ayacucho,CO,5.66,-67.63,71.6,100,75,3.36
1529413200,Rabo de Peixe,PT,37.8,-25.58,73.4,69,40,12.75
1529414880,Kundiawa,PG,-6.02,144.97,60.5,95,76,2.15
1529414160,Brockville,CA,44.59,-75.69,62.6,63,40,5.82
1529409600,Noshiro,JP,40.21,140.05,71.6,68,0,5.82
1529414883,Oparino,RU,59.85,48.28,79.58,33,32,4.61
1529414885,Beidao,CN,34.57,105.89,66.8,84,36,2.37
1529412780,Riverton,US,43.02,-108.38,50.0,76,75,9.17
1529414887,Oranjemund,ZA,-28.55,16.43,59.24,98,32,9.08
1529411220,Misawa,JP,40.75,141.38,59.0,100,90,3.36
1529413200,Auray,FR,47.67,-2.99,69.8,77,90,2.24
1529410380,Prince Albert,CA,53.2,-105.75,55.4,82,20,3.94
1529414892,Khorixas,NA,-20.37,14.96,81.29,24,0,3.83
1529414893,Uglovskoye,RU,51.36,80.19,69.23,63,0,11.99
1529414895,Moerai,PF,-22.43,-151.33,73.64,100,0,16.02
1529414896,Mugango,TZ,-1.69,33.7,76.61,79,48,8.75
1529412540,Armeria,MX,18.93,-103.97,77.0,100,90,1.92
1529411400,Nishihara,JP,35.74,139.53,71.6,88,75,10.29
1529414900,Huarmey,PE,-10.07,-78.15,49.07,81,8,1.36
1529414901,Mendi,ET,9.8,35.1,69.14,94,44,4.05
1529409600,Ziro,IN,27.54,93.82,86.0,79,40,5.82
1529414904,Taltal,CL,-25.41,-70.49,41.24,90,0,1.36
1529414100,Roswell,US,33.39,-104.52,71.6,83,1,4.7
1529414906,Kaduqli,SD,11.01,29.72,83.36,71,48,12.66
1529414907,Salym,RU,60.06,71.48,64.28,59,76,6.4
1529413200,San Bernardo,CL,-33.59,-70.7,44.6,81,0,0.36
1529412600,Vestmanna,FO,62.16,-7.17,48.2,76,92,29.97
1529413200,Tabriz,IR,38.08,46.29,86.0,24,40,4.7
1529414912,Lokosovo,RU,61.13,74.84,61.67,81,68,4.5
1529414914,Soyo,AO,-6.13,12.37,80.57,70,80,7.63
1529409600,Carlyle,CA,49.63,-102.27,59.0,87,90,2.24
1529413200,Dakar,SN,14.69,-17.45,78.8,69,40,9.17
1529414918,Ugoofaaru,MV,5.67,73.0,83.81,98,0,12.77
1529413200,Buraydah,SA,26.33,43.97,113.0,13,0,6.93
1529413200,Raposa,PT,39.11,-8.58,86.0,45,0,10.98
1529414926,Owando,CG,-0.49,15.91,82.73,71,64,4.27
1529414929,Sabha,LY,27.03,14.43,98.57,17,0,5.95
1529414930,Wuchi,NG,13.33,5.43,93.62,60,44,14.79
1529414931,Almaznyy,RU,48.03,40.04,88.13,24,0,5.73
1529414932,Sorong,ID,-0.86,131.25,80.3,100,48,5.95
1529413200,Apahida,RO,46.8,23.75,84.2,44,40,1.12
1529414934,Kamiiso,JP,41.82,140.65,56.54,96,8,2.82
1529413200,Comendador,HT,18.88,-71.71,84.2,70,20,8.05
1529414937,Roblin,CA,51.23,-101.35,57.8,68,36,2.93
1529414100,Shelton,US,47.22,-123.1,57.2,87,90,11.41
1529414939,Axim,GH,4.87,-2.24,73.01,100,92,11.99
1529414941,Prado,BR,-17.34,-39.22,73.64,100,92,18.03
1529414942,Touros,BR,-5.2,-35.46,79.31,85,48,13.11
1529414943,Hirara,JP,24.8,125.28,83.0,96,44,24.74
1529414945,Tougue,GN,11.45,-11.68,82.64,77,44,6.96
1529413200,Dublin,IE,53.35,-6.26,60.8,87,75,9.17
1529414160,North Branch,US,45.51,-92.98,66.2,82,90,9.42
